,pdb.id,complex.species,peptide
0,1ao7,Human,LLFGYPVYV
1,1bd2,Human,LLFGYPVYV
2,1d9k,Mouse,GNSHRGAIEWEGIESG
3,1fo0,Mouse,INFDFNTI
4,1fyt,Human,PKYVKQNTLKLAT
5,1g6r,Mouse,SIYRYYGL
6,1j8h,Human,PKYVKQNTLKLAT
7,1jtr,Mouse,EQYKFYSV
8,1kj2,Mouse,KVITFIDL
9,1lp9,Human,ALWGFFPVL
10,1mi5,Human,FLRGRAYGL
11,1mwa,Mouse,EQYKFYSV
12,1nam,Mouse,RGYVYQGL
13,1oga,Human,GILGFVFTL
14,1qrn,Human,LLFGYAVYV
15,1qse,Human,LLFGYPRYV
16,1qsf,Human,LLFGYPVAV
17,1u3h,Mouse,SRGGASQYRPSQ
18,1ymm,Human,ENPVVHFFKNIVTP
19,1zgl,Human,VHFFKNIVTPRTPG
20,2ak4,Human,LPEPLPQGQLTAY
21,2bnq,Human,SLLMWITQV
22,2bnr,Human,SLLMWITQC
23,2ckb,Mouse,EQYKFYSV
24,2e7l,Mouse,QLSPFPFDL
25,2esv,Human,VMAPRTLIL
26,2f53,Human,SLLMWITQC
27,2f54,Human,SLLMWITQC
28,2gj6,Human,LLFGKPVYV
29,2iam,Human,GELIGILNAAKVPAD
30,2ian,Human,GELIGTLNAAKVPAD
31,2j8u,Human,ALWGFFPVL
32,2jcc,Human,ALWGFFPVL
33,2nx5,Human,EPLPQGQLTAY
34,2oi9,Mouse,QLSPFPFDL
35,2ol3,Mouse,SQYYYNSL
36,2p5e,Human,SLLMWITQC
37,2p5w,Human,SLLMWITQC
38,2pxy,Mouse,RGGASQYRPSQ
39,2pye,Human,SLLMWITQC
40,2uwe,Human,ALWGFFPVL
41,2vlj,Human,GILGFVFTL
42,2vlk,Human,GILGFVFTL
43,2vlr,Human,GILGFVFTL
44,2xn9,Human,PKYVKQNTLKLAT
45,2ypl,Human,KAFSPEVIPMF
46,2z31,Mouse,RGGASQYRPSQ
47,3c5z,Mouse,FEAQKAKANKAVDG
48,3c60,Mouse,FEAQKAKANKAVD
49,3c6l,Mouse,FEAQKAKANKAV
50,3d39,Human,LLFGPVYV
51,3d3v,Human,LLFGPVYV
52,3dxa,Human,EENLLDFVRF
53,3e2h,Mouse,QLSPFPFDL
54,3e3q,Mouse,QLSPFPFDL
55,3ffc,Human,FLRGRAYGL
56,3gjf,Human,SLLMWITQV
57,3gsn,Human,NLVPMVATV
58,3h9s,Human,MLWGYLQYV
59,3hae,Human,SLLMWITQV
60,3hg1,Human,ELAGIGILTV
61,3kpr,Human,EEYLKAWTF
62,3kps,Human,EEYLQAFTY
63,3kxf,Human,LPEPLPQGQLTAY
64,3mbe,Mouse,GAMKRHGLDNYRGYSLG
65,3mv7,Human,HPVGEADYFEY
66,3mv8,Human,HPVGEADYFEY
67,3mv9,Human,HPVGEADYFEY
68,3nfj,Human,RYPLTFGWCF
69,3o4l,Human,GLCTLVAML
70,3o6f,Human,FSWGAEGQRPGF
71,3pl6,Human,NPVVHFFKNIVTPR
72,3pqy,Mouse,SSLENFRAYV
73,3pwp,Human,LGYGFVNYI
74,3qdg,Human,ELAGIGILTV
75,3qdj,Human,AAGIGILTV
76,3qdm,Human,ELAGIGILTV
77,3qeq,Human,AAGIGILTV
78,3qfj,Human,LLFGFPVYV
79,3qib,Mouse,ADLIAYLKQATKG
80,3qiu,Mouse,ADLIAYLKQATKG
81,3qiw,Mouse,ADLIAYLEQATKG
82,3rdt,Mouse,FEAQKAKANKAVD
83,3rgv,Mouse,WIYVYRPMGCGGS
84,3sjv,Human,FLRGRAYGL
85,3t0e,Human,FSWGAEGQRPGFGSGG
86,3tfk,Mouse,QLSDVPMDL
87,3tjh,Mouse,SPLDSLWWI
88,3tpu,Mouse,FLSPFWFDI
89,3uts,Human,ALWGPDPAAA
90,3utt,Human,ALWGPDPAAA
91,3vxm,Human,RFPLTFGWCF
92,3vxr,Human,RYPLTFGWCF
93,3vxs,Human,RYPLTLGWCF
94,4e41,Human,GELIGILNAAKVPAD
95,4eup,Human,ALGIGILTV
96,4euq,Human,EAAGIGILTV
97,4ftv,Human,LLFGYPVYV
98,4g8g,Human,KRWIILGLNK
99,4g9f,Human,KRWIIMGLNK
100,4gg6,Human,SGEGSFQPSQENP
101,4grl,Human,RLLMLFAKDVVSRN
102,4h1l,Human,QHIRCNIPKRISA
103,4jfd,Human,ELAAIGILTV
104,4jfe,Human,ELAGIGALTV
105,4jff,Human,ELAGIGILTV
106,4jrx,Human,LPEPLPQGQLTAY
107,4jry,Human,LPEPLPQGQLTAY
108,4l3e,Human,ELAGIGILTV
109,4may,Human,QLVHFVRDFAQL
110,4mji,Human,TAFTIPSI
111,4mnq,Human,ILAKFLHWL
112,4ms8,Mouse,SPAEAGFFL
113,4mvb,Mouse,QPAEGGFQL
114,4mxq,Mouse,SPAPRPLDL
115,4n0c,Mouse,MPAGRPWDL
116,4n5e,Mouse,VPYMAEFGM
117,4ozf,Human,APQPELPYPQPGS
118,4ozg,Human,APQPELPYPQPG
119,4ozh,Human,APQPELPYPQPGS
120,4ozi,Human,QPFPQPELPYP
121,4p23,Mouse,FEAQKAKANKAVD
122,4p2o,Mouse,PADPLAFFSSAIKGGGGSLV
123,4p2q,Mouse,ADGLAYFRSSFKGG
124,4p2r,Mouse,ANGVAFFLTPFKA
125,4p4k,Human,QAFWIDLFETIG
126,4p5t,Mouse,FEAQKAKANKAVD
127,4prh,Human,HPVGDADYFEY
128,4pri,Human,HPVGEADYFEY
129,4prp,Human,HPVGQADYFEY
130,4qok,Human,EAAGIGILTV
131,4qrp,Human,HSKKKCDEL
132,4qrr,Human,IPSINVHHY
133,4wuu,Human,RMFPNAPYL
134,4y19,Human,QPLALEGSLQKRG
135,4y1a,Human,LQPLALEGSLQKRG
136,4z7u,Human,APSGEGSFQPSQENPQ
137,4z7v,Human,SGEGSFQPSQENP
138,4z7w,Human,PSGEGSFQPSQENPQ
139,5brz,Human,EVDPIGHLY
140,5bs0,Human,ESDPIVAQY
141,5c07,Human,YQFGPDFPIA
142,5c08,Human,RQWGPDPAAV
143,5c09,Human,YLGGPDFPTI
144,5c0a,Human,MVWGPDPLYV
145,5c0b,Human,RQFGPDFPTI
146,5c0c,Human,RQFGPDWIVA
147,5d2l,Human,NLVPMVATV
148,5d2n,Human,NLVPMVATV
149,5e6i,Human,GILGFVFTL
150,5e9d,Human,ELAGIGILTV
151,5eu6,Human,YLEPGPVTV
152,5euo,Human,GILGFVFTL
153,5hhm,Human,GILGLVFTL
154,5hho,Human,GILEFVFTL
155,5hyj,Human,AQWGPDPAAA
156,5isz,Human,GILGFVFTL
157,5ivx,Mouse,RGPGRAFVTI
158,5jhd,Human,XGILGFVFTL
159,5jzi,Human,XKLVALGINAV
160,5ks9,Human,APSGEGSFQPSQENPQ
161,5ksa,Human,QPQQSFPEQEA
162,5ksb,Human,GPQQSFPEQEA
163,5m00,Mouse,KAVANFATM
164,5m01,Mouse,KAPANFATM
165,5m02,Mouse,KAPFNFATM
166,5men,Human,ILAKFLHWL
167,5nht,Human,ELAGIGILTV
168,5nme,Human,SLYNTVATL
169,5nmf,Human,SLYNTIATL
170,5nmg,Human,SLFNTIAVL
171,5nqk,Human,ELAGIGILTV
172,5sws,Mouse,ASNENMETM
173,5swz,Mouse,ASNENMETM
174,5tez,Human,GILGFVFTL
175,5til,Mouse,KAPYNFATM
176,5tje,Mouse,KAVYNFATM
177,5w1v,Human,VMAPRTLIL
178,5w1w,Human,VMAPRTLVL
179,5wkf,Human,GTSGSPIVNR
180,5wkh,Human,GTSGSPIINR
181,5wlg,Mouse,SQLLNAKYL
182,5xot,Human,IPLTEEAEL
183,5xov,Human,RYPLTFGWCF
184,5yxn,Human,KLVALGINAV
185,5yxu,Human,KLVALGINAV
186,6am5,Human,SMLGIGIVPV
187,6amu,Human,MMWDRGLGMM
188,6avf,Human,APRGPHGGAASGL
189,6avg,Human,APRGPHGGAASGL
190,6bj2,Human,IPLTEEAEL
191,6bj3,Human,IPLTEEAEL
192,6bj8,Human,VPLTEDAEL
193,6cql,Human,RFYKTLRAEQASQ
194,6cqn,Human,RFYKTLRAEQASQ
195,6cqq,Human,RFYKTLRAEQASQ
196,6cqr,Human,RFYKTLRAEQASQ
197,6d78,Human,AAGIGILTV
198,6dkp,Human,ELAGIGILTV
199,6eqa,Human,AAGIGILTV
200,6eqb,Human,AAGIGILTV
201,6g9q,Mouse,KAPYDYAPI
202,6l9l,Mouse,SPSYAYHQF
203,6mtm,Human,FEDLRVLSF
204,6p64,Human,KQWLVWLFL
205,6px6,Human,APFSEQEQPVLG
206,6py2,Human,APFSEQEQPVLG
207,6q3s,Human,SLLMWITQV
208,6r2l,Human,SLSKILDTV
209,6rp9,Human,SLLMWITQV
210,6rpa,Human,SLLMWITQV
211,6rpb,Human,SLLMWITQV
212,6rsy,Human,RMFPNAPYL
213,6tmo,Human,EAAGIGILTV
214,6tro,Human,GVYDGREHTV
215,6u3n,Human,APMPMPELPYP
216,6u3o,Human,AVVQSELPYPEGS
217,6uk4,Human,KQWLVWLFL
218,6ulr,Human,GADGVGKSA
219,6uon,Human,GADGVGKSAL
220,6v0y,Human,GGYAPAKAAAT
221,6v13,Human,GGYRAPAKAAAT
222,6v15,Human,GGYAPAKAAAT
223,6v18,Human,GGYRAPAKAAAT
224,6v19,Human,GGYAPAKAAAT
225,6v1a,Human,GGYRAPAKAAAT
226,6vm7,Human,ITDQVPFSV
227,6vm8,Human,IMDQVPFSV
228,6vma,Human,ITDQVPFSV
229,6vmc,Human,ILDQVPFSV
230,6vmx,Human,RPPIFIRRL
231,6vqo,Human,HMTEVVRHC
232,6vrm,Human,HMTEVVRHC
233,6vrn,Human,HMTEVVRHC
234,7jwi,Mixed,ASNENMETM
235,7jwj,Mouse,ASNENMETM
236,7n1e,Human,RLQSLQTYV
237,7n1f,Human,YLQPRTFLL
238,7n6e,Human,YLQPRTFLL
